{
  "protocol": {
    "seeds": [
      0,
      1,
      2
    ],
    "steps_per_block": 100,
    "common_pp_metric": "eta_pp_discovered",
    "equation_artifact": "outputs/spider/hit_spatial_equation.json"
  },
  "main": {
    "centre": {
      "analytic": {
        "n_runs": 3,
        "seeds": [
          0,
          1,
          2
        ],
        "accuracy_mean": 33.333333333333336,
        "accuracy_std": 6.505206248331665,
        "eta_div_mean": 0.17090407510598501,
        "eta_pp_discovered_mean": 0.21264179050922394,
        "eta_pp_analytic_mean": 0.30961084365844727,
        "train_seconds_mean": 14.423509333321514,
        "peak_memory_mb_mean": 499.35009765625
      },
      "none": {
        "n_runs": 3,
        "seeds": [
          0,
          1,
          2
        ],
        "accuracy_mean": 33.333333333333336,
        "accuracy_std": 6.505206248331665,
        "eta_div_mean": 0.4200149476528168,
        "eta_pp_discovered_mean": 0.2926581799983978,
        "eta_pp_analytic_mean": 0.6178054412206014,
        "train_seconds_mean": 6.294502233329695,
        "peak_memory_mb_mean": 285.69970703125
      },
      "spider": {
        "n_runs": 3,
        "seeds": [
          0,
          1,
          2
        ],
        "accuracy_mean": 33.333333333333336,
        "accuracy_std": 3.608439182435161,
        "eta_div_mean": 0.12402139604091644,
        "eta_pp_discovered_mean": 0.15764675537745157,
        "eta_pp_analytic_mean": 0.47173922260602313,
        "train_seconds_mean": 14.735806499995912,
        "peak_memory_mb_mean": 499.35009765625
      }
    },
    "edge": {
      "analytic": {
        "n_runs": 3,
        "seeds": [
          0,
          1,
          2
        ],
        "accuracy_mean": 25.0,
        "accuracy_std": 0.0,
        "eta_div_mean": 0.10671644906202953,
        "eta_pp_discovered_mean": 0.17919259270032248,
        "eta_pp_analytic_mean": 0.23105154931545258,
        "train_seconds_mean": 14.587983066681772,
        "peak_memory_mb_mean": 499.35009765625
      },
      "none": {
        "n_runs": 3,
        "seeds": [
          0,
          1,
          2
        ],
        "accuracy_mean": 27.083333333333332,
        "accuracy_std": 3.608439182435161,
        "eta_div_mean": 0.41335947314898175,
        "eta_pp_discovered_mean": 0.24354860683282217,
        "eta_pp_analytic_mean": 0.3402654826641083,
        "train_seconds_mean": 6.382384633334975,
        "peak_memory_mb_mean": 285.69970703125
      },
      "spider": {
        "n_runs": 3,
        "seeds": [
          0,
          1,
          2
        ],
        "accuracy_mean": 27.083333333333332,
        "accuracy_std": 4.773516348912334,
        "eta_div_mean": 0.11019562184810638,
        "eta_pp_discovered_mean": 0.14498538275559744,
        "eta_pp_analytic_mean": 0.3287906547387441,
        "train_seconds_mean": 14.579852733334215,
        "peak_memory_mb_mean": 499.35009765625
      }
    }
  },
  "lambda_sweep": {
    "0.001": {
      "n_runs": 3,
      "seeds": [
        0,
        1,
        2
      ],
      "accuracy_mean": 33.333333333333336,
      "accuracy_std": 6.505206248331665,
      "eta_div_mean": 0.2631433457136154,
      "eta_pp_discovered_mean": 0.23517432312170664,
      "eta_pp_analytic_mean": 0.5465608835220337,
      "train_seconds_mean": 14.535189066664316,
      "peak_memory_mb_mean": 499.35009765625
    },
    "0.003": {
      "n_runs": 3,
      "seeds": [
        0,
        1,
        2
      ],
      "accuracy_mean": 33.333333333333336,
      "accuracy_std": 6.505206248331665,
      "eta_div_mean": 0.2170549730459849,
      "eta_pp_discovered_mean": 0.20216480394204459,
      "eta_pp_analytic_mean": 0.5012231469154358,
      "train_seconds_mean": 14.796613333319934,
      "peak_memory_mb_mean": 499.35009765625
    },
    "0.01": {
      "n_runs": 3,
      "seeds": [
        0,
        1,
        2
      ],
      "accuracy_mean": 33.333333333333336,
      "accuracy_std": 3.608439182435161,
      "eta_div_mean": 0.12402139604091644,
      "eta_pp_discovered_mean": 0.15764675537745157,
      "eta_pp_analytic_mean": 0.47173922260602313,
      "train_seconds_mean": 14.735806499995912,
      "peak_memory_mb_mean": 499.35009765625
    },
    "0.03": {
      "n_runs": 3,
      "seeds": [
        0,
        1,
        2
      ],
      "accuracy_mean": 33.333333333333336,
      "accuracy_std": 3.608439182435161,
      "eta_div_mean": 0.17011749744415283,
      "eta_pp_discovered_mean": 0.10811009506384532,
      "eta_pp_analytic_mean": 0.3731578290462494,
      "train_seconds_mean": 14.442177699995227,
      "peak_memory_mb_mean": 499.35009765625
    },
    "0.1": {
      "n_runs": 3,
      "seeds": [
        0,
        1,
        2
      ],
      "accuracy_mean": 33.333333333333336,
      "accuracy_std": 1.8042195912175805,
      "eta_div_mean": 0.07905869434277217,
      "eta_pp_discovered_mean": 0.07962217926979065,
      "eta_pp_analytic_mean": 0.3285733262697856,
      "train_seconds_mean": 14.602115833336333,
      "peak_memory_mb_mean": 499.35009765625
    }
  }
}