{
  "schema_version": 2,
  "protocol": {
    "seeds": [
      42,
      123,
      456
    ],
    "regions": [
      "low_enstrophy",
      "high_enstrophy"
    ],
    "methods": [
      "none",
      "analytic",
      "discovered"
    ],
    "trajectory_disjoint": true,
    "target": "future local relative kinetic-energy decay quantile",
    "steps_per_block": 100
  },
  "results": {
    "low_enstrophy": {
      "none": {
        "accuracy": {
          "values": [
            19.444444444444443,
            16.666666666666668,
            25.0
          ],
          "mean": 20.37037037037037,
          "std": 4.243125643477629
        },
        "eta_ns": {
          "values": [
            0.7233639508485794,
            0.6014642715454102,
            0.7706258594989777
          ],
          "mean": 0.6984846939643224,
          "std": 0.08728197853553604
        },
        "eta_div": {
          "values": [
            0.3036763221025467,
            0.14308824762701988,
            0.5024256035685539
          ],
          "mean": 0.31639672443270683,
          "std": 0.1800060841203542
        },
        "block_seconds": {
          "values": [
            12.143746000016108,
            11.856556099955924,
            12.092559799959417
          ],
          "mean": 12.030953966643816
        },
        "peak_memory_mb": {
          "values": [
            213.33984375,
            213.33984375,
            213.33984375
          ],
          "mean": 213.33984375
        },
        "run_ids": [
          "PI-NoProp-full-NS-v2:42",
          "PI-NoProp-full-NS-v2:123",
          "PI-NoProp-full-NS-v2:456"
        ]
      },
      "analytic": {
        "accuracy": {
          "values": [
            19.444444444444443,
            21.296296296296298,
            23.14814814814815
          ],
          "mean": 21.296296296296294,
          "std": 1.851851851851853
        },
        "eta_ns": {
          "values": [
            0.36079687625169754,
            0.14305702224373817,
            0.28297755122184753
          ],
          "mean": 0.26227714990576106,
          "std": 0.11033603657390065
        },
        "eta_div": {
          "values": [
            0.1532580405473709,
            0.08272066339850426,
            0.17618762701749802
          ],
          "mean": 0.13738877698779106,
          "std": 0.04871235435165429
        },
        "block_seconds": {
          "values": [
            24.662766099965665,
            24.798129400005564,
            24.628950599988457
          ],
          "mean": 24.69661536665323
        },
        "peak_memory_mb": {
          "values": [
            296.62451171875,
            296.62451171875,
            296.62451171875
          ],
          "mean": 296.62451171875
        },
        "run_ids": [
          "PI-NoProp-full-NS-v2:42",
          "PI-NoProp-full-NS-v2:123",
          "PI-NoProp-full-NS-v2:456"
        ]
      },
      "discovered": {
        "accuracy": {
          "values": [
            19.444444444444443,
            13.88888888888889,
            23.14814814814815
          ],
          "mean": 18.82716049382716,
          "std": 4.660391626710339
        },
        "eta_ns": {
          "values": [
            0.36952995508909225,
            0.1231547798961401,
            0.3235187903046608
          ],
          "mean": 0.27206784176329774,
          "std": 0.13099840387269596
        },
        "eta_div": {
          "values": [
            0.11261781118810177,
            0.022568554617464542,
            0.21346606314182281
          ],
          "mean": 0.11621747631579638,
          "std": 0.09549964859608392
        },
        "block_seconds": {
          "values": [
            24.842924800002947,
            24.06903549999697,
            24.064947900013067
          ],
          "mean": 24.325636066670995
        },
        "peak_memory_mb": {
          "values": [
            303.07470703125,
            303.07470703125,
            303.07470703125
          ],
          "mean": 303.07470703125
        },
        "run_ids": [
          "PI-NoProp-full-NS-v2:42",
          "PI-NoProp-full-NS-v2:123",
          "PI-NoProp-full-NS-v2:456"
        ]
      }
    },
    "high_enstrophy": {
      "none": {
        "accuracy": {
          "values": [
            19.047619047619047,
            17.857142857142858,
            17.857142857142858
          ],
          "mean": 18.253968253968253,
          "std": 0.6873217490352684
        },
        "eta_ns": {
          "values": [
            0.4945359428723653,
            0.6068550745646158,
            0.556407630443573
          ],
          "mean": 0.5525995492935181,
          "std": 0.05625631473496406
        },
        "eta_div": {
          "values": [
            0.2093224823474884,
            0.213538259267807,
            0.3677435020605723
          ],
          "mean": 0.2635347478919559,
          "std": 0.09027204178366534
        },
        "block_seconds": {
          "values": [
            12.004110499983653,
            11.97605440003099,
            12.0497540999786
          ],
          "mean": 12.009972999997748
        },
        "peak_memory_mb": {
          "values": [
            213.33984375,
            213.33984375,
            213.33984375
          ],
          "mean": 213.33984375
        },
        "run_ids": [
          "PI-NoProp-full-NS-v2:42",
          "PI-NoProp-full-NS-v2:123",
          "PI-NoProp-full-NS-v2:456"
        ]
      },
      "analytic": {
        "accuracy": {
          "values": [
            19.047619047619047,
            19.047619047619047,
            17.857142857142858
          ],
          "mean": 18.65079365079365,
          "std": 0.6873217490352684
        },
        "eta_ns": {
          "values": [
            0.13837763170401254,
            0.18995700279871622,
            0.25745931764443714
          ],
          "mean": 0.19526465071572197,
          "std": 0.05971800671833957
        },
        "eta_div": {
          "values": [
            0.017675445104638737,
            0.046864007910092674,
            0.12433421860138576
          ],
          "mean": 0.06295789053870572,
          "std": 0.05512062485590376
        },
        "block_seconds": {
          "values": [
            24.60914270003559,
            24.901063699973747,
            24.7925059000263
          ],
          "mean": 24.767570766678546
        },
        "peak_memory_mb": {
          "values": [
            296.62451171875,
            296.62451171875,
            296.62451171875
          ],
          "mean": 296.62451171875
        },
        "run_ids": [
          "PI-NoProp-full-NS-v2:42",
          "PI-NoProp-full-NS-v2:123",
          "PI-NoProp-full-NS-v2:456"
        ]
      },
      "discovered": {
        "accuracy": {
          "values": [
            19.047619047619047,
            19.047619047619047,
            16.666666666666668
          ],
          "mean": 18.253968253968253,
          "std": 1.3746434980705367
        },
        "eta_ns": {
          "values": [
            0.1107768714427948,
            0.2200886756181717,
            0.2973741988341014
          ],
          "mean": 0.2094132486316893,
          "std": 0.0937556089170264
        },
        "eta_div": {
          "values": [
            0.01906689504782359,
            0.09047589699427287,
            0.12176086505254109
          ],
          "mean": 0.07710121903154586,
          "std": 0.052637195753454095
        },
        "block_seconds": {
          "values": [
            24.262311600032263,
            23.94797340000514,
            23.948890700004995
          ],
          "mean": 24.0530585666808
        },
        "peak_memory_mb": {
          "values": [
            303.07470703125,
            303.07470703125,
            303.07470703125
          ],
          "mean": 303.07470703125
        },