{
  "schema_version": 1,
  "protocol": {
    "seeds": [
      42,
      123,
      456
    ],
    "region": "low_enstrophy",
    "trajectory_disjoint": true,
    "relations": {
      "ns": "discovered momentum + continuity",
      "ns_pp": "NS + artifact-derived pressure-Poisson",
      "full": "NS + pressure-Poisson + artifact-derived energy balance"
    }
  },
  "results": {
    "ns": {
      "accuracy": {
        "values": [
          80.55555555555556,
          82.4074074074074,
          82.4074074074074
        ],
        "mean": 81.79012345679013,
        "std": 1.069167165165971
      },
      "eta_ns": {
        "values": [
          0.2945440709590912,
          0.7586457133293152,
          0.3660521134734154
        ],
        "mean": 0.4730806325872739,
        "std": 0.2498777932119299
      },
      "eta_div": {
        "values": [
          0.16058699414134026,
          0.31277865171432495,
          0.13182498700916767
        ],
        "mean": 0.20173021095494428,
        "std": 0.09724006586734217
      },
      "eta_pp": {
        "values": [
          0.6790546327829361,
          0.9243459552526474,
          0.8064247667789459
        ],
        "mean": 0.8032751182715098,
        "std": 0.12267598963947783
      },
      "eta_energy": {
        "values": [
          0.39665456861257553,
          0.8768816888332367,
          0.43129508942365646
        ],
        "mean": 0.5682771156231562,
        "std": 0.26782004849366237
      }
    },
    "ns_pp": {
      "accuracy": {
        "values": [
          80.55555555555556,
          83.33333333333333,
          83.33333333333333
        ],
        "mean": 82.4074074074074,
        "std": 1.6037507477489565
      },
      "eta_ns": {
        "values": [
          0.3312346264719963,
          0.8330339044332504,
          0.3223939538002014
        ],
        "mean": 0.4955541615684827,
        "std": 0.29229945604871516
      },
      "eta_div": {
        "values": [
          0.23402277752757072,
          0.4591774269938469,
          0.22960127517580986
        ],
        "mean": 0.3076004932324092,
        "std": 0.13128808992879407
      },
      "eta_pp": {
        "values": [
          0.31478599458932877,
          0.7577777951955795,
          0.45970482379198074
        ],
        "mean": 0.5107562045256296,
        "std": 0.22586526173185872
      },
      "eta_energy": {
        "values": [
          0.5391471982002258,
          0.8391100317239761,
          0.4592102989554405
        ],
        "mean": 0.6124891762932142,
        "std": 0.2002878829393967
      }
    },
    "full": {
      "accuracy": {
        "values": [
          81.48148148148148,
          84.25925925925925,
          83.33333333333333
        ],
        "mean": 83.0246913580247,
        "std": 1.41437521449254
      },
      "eta_ns": {
        "values": [
          0.3205838203430176,
          0.7643921971321106,
          0.30309126526117325
        ],
        "mean": 0.4626890942454338,
        "std": 0.2614288987266124
      },
      "eta_div": {
        "values": [
          0.2527237497270107,
          0.44571470469236374,
          0.23028017953038216
        ],
        "mean": 0.3095728779832522,
        "std": 0.11843511386224553
      },
      "eta_pp": {
        "values": [
          0.37037721276283264,
          0.5100535377860069,
          0.38219620287418365
        ],
        "mean": 0.4208756511410077,
        "std": 0.07745607614425286
      },
      "eta_energy": {
        "values": [
          0.2778981290757656,
          0.7613288313150406,
          0.27056576684117317
        ],
        "mean": 0.4365975757439931,
        "std": 0.2812494126972473
      }
    }
  }
}