{
  "schema_version": 2,
  "protocol": {
    "seeds": [
      42,
      123,
      456
    ],
    "region": "low_enstrophy",
    "trajectory_disjoint": true,
    "model_revision": "trainable-physics-condition-fusion",
    "relations": {
      "ns": "discovered momentum + continuity",
      "ns_pp": "NS + artifact-derived pressure-Poisson",
      "full": "NS + pressure-Poisson + artifact-derived energy balance"
    }
  },
  "results": {
    "ns": {
      "accuracy": {
        "values": [
          88.88888888888889,
          87.03703703703704,
          85.18518518518519
        ],
        "mean": 87.03703703703702,
        "std": 1.8518518518518476
      },
      "eta_ns": {
        "values": [
          0.3705243468284607,
          0.5793173909187317,
          0.4624282941222191
        ],
        "mean": 0.4707566772898038,
        "std": 0.10464537873102683
      },
      "eta_div": {
        "values": [
          0.32754018902778625,
          0.32314278930425644,
          0.16617793589830399
        ],
        "mean": 0.27228697141011554,
        "std": 0.09191942038555993
      },
      "eta_pp": {
        "values": [
          0.7019661962985992,
          0.8817364871501923,
          0.7484689950942993
        ],
        "mean": 0.7773905595143636,
        "std": 0.09330960312097857
      },
      "eta_energy": {
        "values": [
          0.5071718469262123,
          0.48577413707971573,
          0.5437988713383675
        ],
        "mean": 0.5122482851147652,
        "std": 0.02934357024900747
      }
    },
    "ns_pp": {
      "accuracy": {
        "values": [
          88.88888888888889,
          87.96296296296296,
          85.18518518518519
        ],
        "mean": 87.34567901234568,
        "std": 1.9274685180241926
      },
      "eta_ns": {
        "values": [
          0.3221421092748642,
          0.33964723348617554,
          0.46187808364629745
        ],
        "mean": 0.3745558088024457,
        "std": 0.07612812953397874
      },
      "eta_div": {
        "values": [
          0.15467186272144318,
          0.27042585238814354,
          0.1875706911087036
        ],
        "mean": 0.20422280207276344,
        "std": 0.059646593621171404
      },
      "eta_pp": {
        "values": [
          0.31966613978147507,
          0.42772746831178665,
          0.21936790645122528
        ],
        "mean": 0.32225383818149567,
        "std": 0.10420388136695474
      },
      "eta_energy": {
        "values": [
          0.45856890827417374,
          0.44424939155578613,
          0.4473544731736183
        ],
        "mean": 0.45005759100119275,
        "std": 0.007532746793458445
      }
    },
    "full": {
      "accuracy": {
        "values": [
          88.88888888888889,
          86.11111111111111,
          85.18518518518519
        ],
        "mean": 86.7283950617284,
        "std": 1.9274685180241926
      },
      "eta_ns": {
        "values": [
          0.30020562559366226,
          0.40023045986890793,
          0.4163547530770302
        ],
        "mean": 0.3722636128465335,
        "std": 0.062922677573881
      },
      "eta_div": {
        "values": [
          0.2254633791744709,
          0.29124267399311066,
          0.20197055116295815
        ],
        "mean": 0.2395588681101799,
        "std": 0.04627515623855829
      },
      "eta_pp": {
        "values": [
          0.20108606293797493,
          0.3351955935359001,
          0.21533023938536644
        ],
        "mean": 0.25053729861974716,
        "std": 0.07366134884896457
      },
      "eta_energy": {
        "values": [
          0.2508547380566597,
          0.43340643495321274,
          0.3679792732000351
        ],
        "mean": 0.3507468154033025,
        "std": 0.09248783007098756
      }
    }
  }
}