{
  "schema_version": 1,
  "protocol": {
    "seeds": [
      42,
      123,
      456
    ],
    "trajectory_disjoint": true
  },
  "results": {
    "low_enstrophy": {
      "cnn_bp": {
        "accuracy": {
          "values": [
            16.666666666666668,
            12.962962962962964,
            14.814814814814815
          ],
          "mean": 14.814814814814817,
          "std": 1.851851851851852
        },
        "eta_ns": {
          "values": [],
          "mean": null,
          "std": null
        },
        "eta_div": {
          "values": [],
          "mean": null,
          "std": null
        },
        "train_seconds": {
          "values": [
            5.302499100005662,
            4.437850599999365,
            4.353378400002839
          ],
          "mean": 4.697909366669289,
          "std": 0.5252908217215234
        },
        "peak_memory_mb": {
          "values": [
            177.5302734375,
            44.87109375,
            44.87109375
          ],
          "mean": 89.0908203125,
          "std": 76.59081310305307
        }
      },
      "global_physics_bp": {
        "accuracy": {
          "values": [
            75.0,
            85.18518518518519,
            82.4074074074074
          ],
          "mean": 80.8641975308642,
          "std": 5.265037688034564
        },
        "eta_ns": {
          "values": [
            0.9978951215744019,
            0.9992578774690628,
            0.9974553734064102
          ],
          "mean": 0.998202790816625,
          "std": 0.0009398140751911388
        },
        "eta_div": {
          "values": [
            0.06890872307121754,
            0.07839266210794449,
            0.2578849419951439
          ],
          "mean": 0.13506210905810198,
          "std": 0.10647334170074438
        },
        "train_seconds": {
          "values": [
            6.086069600001792,
            4.352681700001995,
            3.1610920000020997
          ],
          "mean": 4.533281100001962,
          "std": 1.4708282012476004
        },
        "peak_memory_mb": {
          "values": [
            308.568359375,
            308.568359375,
            308.568359375
          ],
          "mean": 308.568359375,
          "std": 0.0
        }
      },
      "spider_rate_classifier": {
        "accuracy": {
          "values": [
            87.96296296296296,
            87.96296296296296,
            87.96296296296296
          ],
          "mean": 87.96296296296298,
          "std": 1.7404671430534633e-14
        },
        "eta_ns": {
          "values": [],
          "mean": null,
          "std": null
        },
        "eta_div": {
          "values": [],
          "mean": null,
          "std": null
        },
        "train_seconds": {
          "values": [
            0.15135279999958584,
            0.008713499999430496,
            0.0076392999981180765
          ],
          "mean": 0.055901866665711474,
          "std": 0.08266467795946163
        },
        "peak_memory_mb": {
          "values": [
            0.0,
            0.0,
            0.0
          ],
          "mean": 0.0,
          "std": 0.0
        }
      },
      "noprop_vanilla": {
        "accuracy": {
          "values": [
            13.88888888888889,
            25.925925925925927,
            21.296296296296298
          ],
          "mean": 20.37037037037037,
          "std": 6.071702337316668
        },
        "eta_ns": {
          "values": [
            0.6922304332256317,
            0.8178434520959854,
            0.7485535889863968
          ],
          "mean": 0.752875824769338,
          "std": 0.06291795386893523
        },
        "eta_div": {
          "values": [
            0.4714631363749504,
            0.08087354153394699,
            0.48041973263025284
          ],
          "mean": 0.3442521368463834,
          "std": 0.22813651287263126
        },
        "train_seconds": {
          "values": [
            16.172827700036578,
            15.761456900043413,
            16.10194279998541
          ],
          "mean": 16.0120758000218,
          "std": 0.21991712537589828
        },
        "peak_memory_mb": {
          "values": [
            218.6005859375,
            218.6005859375,
            218.6005859375
          ],
          "mean": 218.6005859375,
          "std": 0.0
        }
      },
      "pi_noprop": {
        "accuracy": {
          "values": [
            79.62962962962963,
            85.18518518518519,
            80.55555555555556
          ],
          "mean": 81.79012345679013,
          "std": 2.9764354200595555
        },
        "eta_ns": {
          "values": [
            0.3157031759619713,
            0.7428885996341705,
            0.2830936722457409
          ],
          "mean": 0.4472284826139609,
          "std": 0.2565677757054805
        },
        "eta_div": {
          "values": [
            0.20051134377717972,
            0.19961650297045708,
            0.2608783505856991
          ],
          "mean": 0.22033539911111197,
          "std": 0.03511407653235934
        },
        "train_seconds": {
          "values": [
            29.562412799918093,
            30.579432800062932,
            29.103970400057733
          ],
          "mean": 29.74860533334625,
          "std": 0.7551477127592805
        },
        "peak_memory_mb": {
          "values": [
            301.90234375,
            301.90234375,
            301.90234375
          ],
          "mean": 301.90234375,
          "std": 0.0
        }
      }
    },
    "high_enstrophy": {
      "cnn_bp": {
        "accuracy": {
          "values": [
            10.714285714285714,
            21.428571428571427,
            19.047619047619047
          ],
          "mean": 17.063492063492063,
          "std": 5.6259709836340575
        },
        "eta_ns": {
          "values": [],
          "mean": null,
          "std": null
        },
        "eta_div": {
          "values": [],
          "mean": null,
          "std": null
        },
        "train_seconds": {
          "values": [
            4.480193099996541,
            4.446911099999852,
            4.551407899998594
          ],
          "mean": 4.492837366664996,
          "std": 0.05338355001478943
        },
        "peak_memory_mb": {
          "values": [
            140.59814453125,
            44.87109375,
            44.87109375
          ],
          "mean": 76.78011067708333,
          "std": 55.268038537283665
        }
      },
      "global_physics_bp": {
        "accuracy": {
          "values": [
            63.095238095238095,
            75.0,
            75.0
          ],
          "mean": 71.03174603174604,
          "std": 6.873217490352688
        },
        "eta_ns": {
          "values": [
            0.9952124357223511,
            0.9854093392690023,
            0.9923181533813477
          ],
          "mean": 0.9909799761242337,
          "std": 0.005036686787661861
        },
        "eta_div": {
          "values": [
            0.11439960201581319,
            0.1290828138589859,
            0.28638797005017597
          ],
          "mean": 0.17662346197499168,
          "std": 0.09534193517150923
        },
        "train_seconds": {
          "values": [
            6.10380659999646,
            4.112523299998429,
            5.356779199995799
          ],
          "mean": 5.191036366663563,
          "std": 1.0059350427902938
        },
        "peak_memory_mb": {
          "values": [
            308.568359375,
            309.068359375,
            309.068359375
          ],
          "mean": 308.9016927083333,
          "std": 0.28867513459481287
        }
      },
      "spider_rate_classifier": {
        "accuracy": {
          "values": [
            84.52380952380952,
            84.52380952380952,
            84.52380952380952
          ],
          "mean": 84.52380952380952,
          "std": 0.0
        },
        "eta_ns": {
          "values": [],