{
  "schema_version": 3,
  "protocol": {
    "seeds": [
      42,
      123,
      456
    ],
    "regions": [
      "low_enstrophy",
      "high_enstrophy"
    ],
    "methods": [
      "none",
      "analytic",
      "discovered"
    ],
    "trajectory_disjoint": true,
    "target": "future local relative kinetic-energy decay quantile",
    "steps_per_block": 100
  },
  "results": {
    "low_enstrophy": {
      "none": {
        "accuracy": {
          "values": [
            13.88888888888889,
            25.925925925925927,
            21.296296296296298
          ],
          "mean": 20.37037037037037,
          "std": 6.071702337316668
        },
        "eta_ns": {
          "values": [
            0.6922304332256317,
            0.8178434520959854,
            0.7485535889863968
          ],
          "mean": 0.752875824769338,
          "std": 0.06291795386893523
        },
        "eta_div": {
          "values": [
            0.4714631363749504,
            0.08087354153394699,
            0.48041973263025284
          ],
          "mean": 0.3442521368463834,
          "std": 0.22813651287263126
        },
        "block_seconds": {
          "values": [
            16.172827700036578,
            15.761456900043413,
            16.10194279998541
          ],
          "mean": 16.0120758000218
        },
        "peak_memory_mb": {
          "values": [
            218.6005859375,
            218.6005859375,
            218.6005859375
          ],
          "mean": 218.6005859375
        },
        "run_ids": [
          "PI-NoProp-full-NS-v3:42",
          "PI-NoProp-full-NS-v3:123",
          "PI-NoProp-full-NS-v3:456"
        ]
      },
      "analytic": {
        "accuracy": {
          "values": [
            79.62962962962963,
            85.18518518518519,
            78.70370370370371
          ],
          "mean": 81.17283950617285,
          "std": 3.505498978889058
        },
        "eta_ns": {
          "values": [
            0.3021792247891426,
            0.664077639579773,
            0.3301986977458
          ],
          "mean": 0.4321518540382385,
          "std": 0.20134162564031705
        },
        "eta_div": {
          "values": [
            0.1934930458664894,
            0.23667611554265022,
            0.17951367795467377
          ],
          "mean": 0.20322761312127113,
          "std": 0.02979861435500361
        },
        "block_seconds": {
          "values": [
            29.244028600049205,
            30.547136800014414,
            28.99814890010748
          ],
          "mean": 29.596438100057032
        },
        "peak_memory_mb": {
          "values": [
            301.90234375,
            301.90234375,
            301.90234375
          ],
          "mean": 301.90234375
        },
        "run_ids": [
          "PI-NoProp-full-NS-v3:42",
          "PI-NoProp-full-NS-v3:123",
          "PI-NoProp-full-NS-v3:456"
        ]
      },
      "discovered": {
        "accuracy": {
          "values": [
            79.62962962962963,
            85.18518518518519,
            80.55555555555556
          ],
          "mean": 81.79012345679013,
          "std": 2.9764354200595555
        },
        "eta_ns": {
          "values": [
            0.3157031759619713,
            0.7428885996341705,
            0.2830936722457409
          ],
          "mean": 0.4472284826139609,
          "std": 0.2565677757054805
        },
        "eta_div": {
          "values": [
            0.20051134377717972,
            0.19961650297045708,
            0.2608783505856991
          ],
          "mean": 0.22033539911111197,
          "std": 0.03511407653235934
        },
        "block_seconds": {
          "values": [
            29.562412799918093,
            30.579432800062932,
            29.103970400057733
          ],
          "mean": 29.74860533334625
        },
        "peak_memory_mb": {
          "values": [
            301.90234375,
            301.90234375,
            301.90234375
          ],
          "mean": 301.90234375
        },
        "run_ids": [
          "PI-NoProp-full-NS-v3:42",
          "PI-NoProp-full-NS-v3:123",
          "PI-NoProp-full-NS-v3:456"
        ]
      }
    },
    "high_enstrophy": {
      "none": {
        "accuracy": {
          "values": [
            20.238095238095237,
            13.095238095238095,
            25.0
          ],
          "mean": 19.444444444444443,
          "std": 5.991932091484722
        },
        "eta_ns": {
          "values": [
            0.7547147274017334,
            0.7895297209421793,
            0.35769738753636676
          ],
          "mean": 0.6339806119600931,
          "std": 0.23990067948483118
        },
        "eta_div": {
          "values": [
            0.6126048366228739,
            0.3427392343680064,
            0.14320556819438934
          ],
          "mean": 0.36618321306175655,
          "std": 0.23557617324985114
        },
        "block_seconds": {
          "values": [
            15.660292300046422,
            14.581314599956386,
            13.054871500004083
          ],
          "mean": 14.432159466668963
        },
        "peak_memory_mb": {
          "values": [
            218.6005859375,
            218.6005859375,
            218.6005859375
          ],
          "mean": 218.6005859375
        },
        "run_ids": [
          "PI-NoProp-full-NS-v3:42",
          "PI-NoProp-full-NS-v3:123",
          "PI-NoProp-full-NS-v3:456"
        ]
      },
      "analytic": {
        "accuracy": {
          "values": [
            80.95238095238095,
            75.0,
            65.47619047619048
          ],
          "mean": 73.80952380952381,
          "std": 7.806474433692853
        },
        "eta_ns": {
          "values": [
            0.38675520817438763,
            0.23319797217845917,
            0.49224305152893066
          ],
          "mean": 0.3707320772939258,
          "std": 0.13026374716832126
        },
        "eta_div": {
          "values": [
            0.19755998253822327,
            0.16546321411927542,
            0.27048632005850476
          ],
          "mean": 0.21116983890533447,
          "std": 0.05381806702242933
        },
        "block_seconds": {
          "values": [
            29.17503350006882,
            29.655366899911314,
            29.214996400056407
          ],
          "mean": 29.34846560001218
        },
        "peak_memory_mb": {
          "values": [
            302.40234375,
            302.40234375,
            302.40234375
          ],
          "mean": 302.40234375
        },
        "run_ids": [
          "PI-NoProp-full-NS-v3:42",
          "PI-NoProp-full-NS-v3:123",
          "PI-NoProp-full-NS-v3:456"
        ]
      },
      "discovered": {
        "accuracy": {
          "values": [
            80.95238095238095,
            75.0,
            64.28571428571429
          ],
          "mean": 73.41269841269842,
          "std": 8.445951053092362
        },
        "eta_ns": {
          "values": [
            0.34645792841911316,
            0.28138887882232666,
            0.4292799234390259
          ],
          "mean": 0.3523755768934886,
          "std": 0.07412289924209885
        },
        "eta_div": {
          "values": [
            0.150662861764431,
            0.08378057181835175,
            0.12455177555481593
          ],
          "mean": 0.11966506971253289,
          "std": 0.03370786403199713
        },
        "block_seconds": {
          "values": [
            30.301203699898906,
            29.572808300028555,
            28.83464739995543
          ],
          "mean": 29.569553133294296
        },
        "peak_memory_mb": {
          "values": [
            302.40234375,
            302.40234375,
            302.40234375
          ],
          "mean": 302.40234375
        },