{
  "schema_version": 2,
  "protocol": {
    "seeds": [
      42,
      123,
      456
    ],
    "trajectory_disjoint": true,
    "model_revision": "trainable-physics-condition-fusion",
    "unaffected_baselines": [
      "cnn_bp",
      "global_physics_bp",
      "spider_rate_classifier"
    ]
  },
  "results": {
    "low_enstrophy": {
      "cnn_bp": {
        "accuracy": {
          "values": [
            16.666666666666668,
            12.962962962962964,
            14.814814814814815
          ],
          "mean": 14.814814814814817,
          "std": 1.851851851851852
        },
        "eta_ns": {
          "values": [],
          "mean": null,
          "std": null
        },
        "eta_div": {
          "values": [],
          "mean": null,
          "std": null
        },
        "train_seconds": {
          "values": [
            5.302499100005662,
            4.437850599999365,
            4.353378400002839
          ],
          "mean": 4.697909366669289,
          "std": 0.5252908217215234
        },
        "peak_memory_mb": {
          "values": [
            177.5302734375,
            44.87109375,
            44.87109375
          ],
          "mean": 89.0908203125,
          "std": 76.59081310305307
        }
      },
      "global_physics_bp": {
        "accuracy": {
          "values": [
            75.0,
            85.18518518518519,
            82.4074074074074
          ],
          "mean": 80.8641975308642,
          "std": 5.265037688034564
        },
        "eta_ns": {
          "values": [
            0.9978951215744019,
            0.9992578774690628,
            0.9974553734064102
          ],
          "mean": 0.998202790816625,
          "std": 0.0009398140751911388
        },
        "eta_div": {
          "values": [
            0.06890872307121754,
            0.07839266210794449,
            0.2578849419951439
          ],
          "mean": 0.13506210905810198,
          "std": 0.10647334170074438
        },
        "train_seconds": {
          "values": [
            6.086069600001792,
            4.352681700001995,
            3.1610920000020997
          ],
          "mean": 4.533281100001962,
          "std": 1.4708282012476004
        },
        "peak_memory_mb": {
          "values": [
            308.568359375,
            308.568359375,
            308.568359375
          ],
          "mean": 308.568359375,
          "std": 0.0
        }
      },
      "spider_rate_classifier": {
        "accuracy": {
          "values": [
            87.96296296296296,
            87.96296296296296,
            87.96296296296296
          ],
          "mean": 87.96296296296298,
          "std": 1.7404671430534633e-14
        },
        "eta_ns": {
          "values": [],
          "mean": null,
          "std": null
        },
        "eta_div": {
          "values": [],
          "mean": null,
          "std": null
        },
        "train_seconds": {
          "values": [
            0.15135279999958584,
            0.008713499999430496,
            0.0076392999981180765
          ],
          "mean": 0.055901866665711474,
          "std": 0.08266467795946163
        },
        "peak_memory_mb": {
          "values": [
            0.0,
            0.0,
            0.0
          ],
          "mean": 0.0,
          "std": 0.0
        }
      },
      "noprop_vanilla": {
        "accuracy": {
          "values": [
            21.296296296296298,
            12.037037037037036,
            19.444444444444443
          ],
          "mean": 17.59259259259259,
          "std": 4.899539464934428
        },
        "eta_ns": {
          "values": [
            0.48028870671987534,
            0.4160877466201782,
            0.8270443081855774
          ],
          "mean": 0.5744735871752104,
          "std": 0.22107559262207854
        },
        "eta_div": {
          "values": [
            0.0881035104393959,
            0.3866245374083519,
            0.4052048400044441
          ],
          "mean": 0.2933109626173973,
          "std": 0.17795752508163468
        },
        "train_seconds": {
          "values": [
            12.281977500000721,
            12.449588700001186,
            12.313584400000764
          ],
          "mean": 12.348383533334223,
          "std": 0.08905960561314494
        },
        "peak_memory_mb": {
          "values": [
            221.50146484375,
            221.50146484375,
            221.50146484375
          ],
          "mean": 221.50146484375,
          "std": 0.0
        }
      },
      "pi_noprop": {
        "accuracy": {
          "values": [
            87.96296296296296,
            87.96296296296296,
            84.25925925925925
          ],
          "mean": 86.72839506172839,
          "std": 2.1383343303319506
        },
        "eta_ns": {
          "values": [
            0.31019028276205063,
            0.507815420627594,
            0.4781245067715645
          ],
          "mean": 0.4320434033870697,
          "std": 0.10656699698285173
        },
        "eta_div": {
          "values": [
            0.1483406350016594,
            0.10934684611856937,
            0.15944144502282143
          ],
          "mean": 0.13904297538101673,
          "std": 0.0263097332875206
        },
        "train_seconds": {
          "values": [
            33.54434460000084,
            33.95484750000105,
            33.724456400001145
          ],
          "mean": 33.74121616666768,
          "std": 0.2057640033173519
        },
        "peak_memory_mb": {
          "values": [
            303.52880859375,
            303.52880859375,
            303.52880859375
          ],
          "mean": 303.52880859375,
          "std": 0.0
        }
      }
    },
    "high_enstrophy": {
      "cnn_bp": {
        "accuracy": {
          "values": [
            10.714285714285714,
            21.428571428571427,
            19.047619047619047
          ],
          "mean": 17.063492063492063,
          "std": 5.6259709836340575
        },
        "eta_ns": {
          "values": [],
          "mean": null,
          "std": null
        },
        "eta_div": {
          "values": [],
          "mean": null,
          "std": null
        },
        "train_seconds": {
          "values": [
            4.480193099996541,
            4.446911099999852,
            4.551407899998594
          ],
          "mean": 4.492837366664996,
          "std": 0.05338355001478943
        },
        "peak_memory_mb": {
          "values": [
            140.59814453125,
            44.87109375,
            44.87109375
          ],
          "mean": 76.78011067708333,
          "std": 55.268038537283665
        }
      },
      "global_physics_bp": {
        "accuracy": {
          "values": [
            63.095238095238095,
            75.0,
            75.0
          ],
          "mean": 71.03174603174604,
          "std": 6.873217490352688
        },
        "eta_ns": {
          "values": [
            0.9952124357223511,
            0.9854093392690023,
            0.9923181533813477
          ],
          "mean": 0.9909799761242337,
          "std": 0.005036686787661861
        },
        "eta_div": {
          "values": [
            0.11439960201581319,
            0.1290828138589859,
            0.28638797005017597
          ],
          "mean": 0.17662346197499168,
          "std": 0.09534193517150923
        },
        "train_seconds": {
          "values": [
            6.10380659999646,
            4.112523299998429,
            5.356779199995799
          ],
          "mean": 5.191036366663563,
          "std": 1.0059350427902938
        },
        "peak_memory_mb": {
          "values": [
            308.568359375,
            309.068359375,
            309.068359375
          ],
          "mean": 308.9016927083333,
          "std": 0.28867513459481287
        }
      },