{
  "schema_version": 4,
  "protocol": {
    "seeds": [
      42,
      123,
      456
    ],
    "regions": [
      "low_enstrophy",
      "high_enstrophy"
    ],
    "methods": [
      "none",
      "analytic",
      "discovered"
    ],
    "trajectory_disjoint": true,
    "target": "future local relative kinetic-energy decay quantile",
    "steps_per_block": 100,
    "model_revision": "trainable-physics-condition-fusion"
  },
  "results": {
    "low_enstrophy": {
      "none": {
        "accuracy": {
          "values": [
            21.296296296296298,
            12.037037037037036,
            19.444444444444443
          ],
          "mean": 17.59259259259259,
          "std": 4.899539464934428
        },
        "eta_ns": {
          "values": [
            0.48028870671987534,
            0.4160877466201782,
            0.8270443081855774
          ],
          "mean": 0.5744735871752104,
          "std": 0.22107559262207854
        },
        "eta_div": {
          "values": [
            0.0881035104393959,
            0.3866245374083519,
            0.4052048400044441
          ],
          "mean": 0.2933109626173973,
          "std": 0.17795752508163468
        },
        "block_seconds": {
          "values": [
            12.281977500000721,
            12.449588700001186,
            12.313584400000764
          ],
          "mean": 12.348383533334223
        },
        "peak_memory_mb": {
          "values": [
            221.50146484375,
            221.50146484375,
            221.50146484375
          ],
          "mean": 221.50146484375
        },
        "run_ids": [
          "PI-NoProp-full-NS-v4:42",
          "PI-NoProp-full-NS-v4:123",
          "PI-NoProp-full-NS-v4:456"
        ]
      },
      "analytic": {
        "accuracy": {
          "values": [
            87.03703703703704,
            87.96296296296296,
            84.25925925925925
          ],
          "mean": 86.41975308641975,
          "std": 1.9274685180242006
        },
        "eta_ns": {
          "values": [
            0.2103322632610798,
            0.41962432116270065,
            0.5002880096435547
          ],
          "mean": 0.376748198022445,
          "std": 0.14965745944224865
        },
        "eta_div": {
          "values": [
            0.24259766563773155,
            0.28942469507455826,
            0.10851174779236317
          ],
          "mean": 0.213511369501551,
          "std": 0.09389825925316064
        },
        "block_seconds": {
          "values": [
            33.464820500001224,
            33.60095900000124,
            33.55580910000026
          ],
          "mean": 33.540529533334244
        },
        "peak_memory_mb": {
          "values": [
            303.52880859375,
            303.52880859375,
            303.52880859375
          ],
          "mean": 303.52880859375
        },
        "run_ids": [
          "PI-NoProp-full-NS-v4:42",
          "PI-NoProp-full-NS-v4:123",
          "PI-NoProp-full-NS-v4:456"
        ]
      },
      "discovered": {
        "accuracy": {
          "values": [
            87.96296296296296,
            87.96296296296296,
            84.25925925925925
          ],
          "mean": 86.72839506172839,
          "std": 2.1383343303319506
        },
        "eta_ns": {
          "values": [
            0.31019028276205063,
            0.507815420627594,
            0.4781245067715645
          ],
          "mean": 0.4320434033870697,
          "std": 0.10656699698285173
        },
        "eta_div": {
          "values": [
            0.1483406350016594,
            0.10934684611856937,
            0.15944144502282143
          ],
          "mean": 0.13904297538101673,
          "std": 0.0263097332875206
        },
        "block_seconds": {
          "values": [
            33.54434460000084,
            33.95484750000105,
            33.724456400001145
          ],
          "mean": 33.74121616666768
        },
        "peak_memory_mb": {
          "values": [
            303.52880859375,
            303.52880859375,
            303.52880859375
          ],
          "mean": 303.52880859375
        },
        "run_ids": [
          "PI-NoProp-full-NS-v4:42",
          "PI-NoProp-full-NS-v4:123",
          "PI-NoProp-full-NS-v4:456"
        ]
      }
    },
    "high_enstrophy": {
      "none": {
        "accuracy": {
          "values": [
            17.857142857142858,
            15.476190476190476,
            19.047619047619047
          ],
          "mean": 17.46031746031746,
          "std": 1.8184824186332695
        },
        "eta_ns": {
          "values": [
            0.8054701089859009,
            0.6094621817270914,
            0.8426998853683472
          ],
          "mean": 0.7525440586937798,
          "std": 0.12530295966019578
        },
        "eta_div": {
          "values": [
            0.361841082572937,
            0.5856207211812338,
            0.24944544831911722
          ],
          "mean": 0.3989690840244293,
          "std": 0.17113538468071451
        },
        "block_seconds": {
          "values": [
            12.75047319999976,
            12.210991599999033,
            16.332280399999945
          ],
          "mean": 13.764581733332912
        },
        "peak_memory_mb": {
          "values": [
            221.50146484375,
            221.50146484375,
            221.50146484375
          ],
          "mean": 221.50146484375
        },
        "run_ids": [
          "PI-NoProp-full-NS-v4:42",
          "PI-NoProp-full-NS-v4:123",
          "PI-NoProp-full-NS-v4:456"
        ]
      },
      "analytic": {
        "accuracy": {
          "values": [
            80.95238095238095,
            83.33333333333333,
            84.52380952380952
          ],
          "mean": 82.93650793650794,
          "std": 1.8184824186332689
        },
        "eta_ns": {
          "values": [
            0.3052758276462555,
            0.28630368908246356,
            0.29830364386240643
          ],
          "mean": 0.2966277201970418,
          "std": 0.009596460312012292
        },
        "eta_div": {
          "values": [
            0.16480561097462973,
            0.19896014531453451,
            0.1627588321765264
          ],
          "mean": 0.1755081961552302,
          "std": 0.020335750917781146
        },
        "block_seconds": {
          "values": [
            33.44831739999972,
            33.432028100000025,
            35.7328518000013
          ],
          "mean": 34.20439910000035
        },
        "peak_memory_mb": {
          "values": [
            303.02880859375,
            303.02880859375,
            303.02880859375
          ],
          "mean": 303.02880859375
        },
        "run_ids": [
          "PI-NoProp-full-NS-v4:42",
          "PI-NoProp-full-NS-v4:123",
          "PI-NoProp-full-NS-v4:456"
        ]
      },
      "discovered": {
        "accuracy": {
          "values": [
            79.76190476190476,
            83.33333333333333,
            85.71428571428571
          ],
          "mean": 82.93650793650794,
          "std": 2.9959660457423594
        },
        "eta_ns": {
          "values": [
            0.3100630541642507,
            0.22662562628587088,
            0.286299208799998
          ],
          "mean": 0.2743292964167065,
          "std": 0.04298732597624227
        },
        "eta_div": {
          "values": [
            0.16065238416194916,
            0.21065270404020944,
            0.12120131899913152
          ],
          "mean": 0.16416880240043003,
          "std": 0.04482924792323351
        },
        "block_seconds": {
          "values": [
            33.46066659999997,
            33.50965150000047,
            33.536870899999485
          ],
          "mean": 33.50239633333331
        },
        "peak_memory_mb": {
          "values": [
            303.02880859375,
            303.02880859375,
            303.02880859375
          ],