{
  "schema_version": 2,
  "protocol": {
    "levels_in_channel_standard_deviations": [
      0.0,
      0.1,
      0.5,
      1.0
    ],
    "seeds": [
      42,
      123,
      456
    ],
    "repetitions_per_seed": 5,
    "clean_trained": true,
    "trajectory_disjoint_test": true,
    "model_revision": "trainable-physics-condition-fusion"
  },
  "results": {
    "low_enstrophy": {
      "none": {
        "0.0": {
          "accuracy": {
            "values": [
              21.296296296296298,
              13.88888888888889,
              21.11111111111111
            ],
            "mean": 18.765432098765434,
            "std": 4.224225212574228
          },
          "eta_ns": {
            "values": [
              0.4797972247004509,
              0.4167026326060295,
              0.8278970658779145
            ],
            "mean": 0.5747989743947982,
            "std": 0.22144799575111812
          }
        },
        "0.1": {
          "accuracy": {
            "values": [
              21.296296296296298,
              14.444444444444443,
              21.11111111111111
            ],
            "mean": 18.950617283950617,
            "std": 3.9035584577191065
          },
          "eta_ns": {
            "values": [
              0.479763899743557,
              0.4167932838201523,
              0.8279447555541992
            ],
            "mean": 0.5748339797059695,
            "std": 0.2214500468622954
          }
        },
        "0.5": {
          "accuracy": {
            "values": [
              21.296296296296298,
              14.259259259259258,
              21.666666666666664
            ],
            "mean": 19.074074074074073,
            "std": 4.173862099846165
          },
          "eta_ns": {
            "values": [
              0.4789606750011444,
              0.41865054368972776,
              0.8288694709539414
            ],
            "mean": 0.5754935632149379,
            "std": 0.2214923044975222
          }
        },
        "1.0": {
          "accuracy": {
            "values": [
              21.296296296296298,
              14.444444444444446,
              22.59259259259259
            ],
            "mean": 19.444444444444446,
            "std": 4.378366821309958
          },
          "eta_ns": {
            "values": [
              0.47548105120658873,
              0.4228216290473938,
              0.8306241273880005
            ],
            "mean": 0.576308935880661,
            "std": 0.2218116682212551
          }
        }
      },
      "discovered": {
        "0.0": {
          "accuracy": {
            "values": [
              77.96296296296296,
              78.51851851851852,
              79.62962962962963
            ],
            "mean": 78.7037037037037,
            "std": 0.8486251286955284
          },
          "eta_ns": {
            "values": [
              0.31516206711530687,
              0.49796050786972046,
              0.4715399146080017
            ],
            "mean": 0.428220829864343,
            "std": 0.09879891099011379
          }
        },
        "0.1": {
          "accuracy": {
            "values": [
              80.0,
              79.81481481481481,
              79.62962962962963
            ],
            "mean": 79.81481481481482,
            "std": 0.18518518518518334
          },
          "eta_ns": {
            "values": [
              0.3128765091300011,
              0.5035137712955475,
              0.47730815410614014
            ],
            "mean": 0.431232811510563,
            "std": 0.10333365534988434
          }
        },
        "0.5": {
          "accuracy": {
            "values": [
              22.962962962962962,
              23.148148148148145,
              22.59259259259259
            ],
            "mean": 22.90123456790123,
            "std": 0.2828750428985078
          },
          "eta_ns": {
            "values": [
              0.2780703119933605,
              0.5465339317917823,
              0.3744299501180649
            ],
            "mean": 0.39967806463440264,
            "std": 0.13600102666447217
          }
        },
        "1.0": {
          "accuracy": {
            "values": [
              16.111111111111107,
              15.740740740740739,
              16.296296296296298
            ],
            "mean": 16.049382716049383,
            "std": 0.2828750428985099
          },
          "eta_ns": {
            "values": [
              0.25724647417664526,
              0.6336320221424103,
              0.19891031980514526
            ],
            "mean": 0.363262938708067,
            "std": 0.23595626222789484
          }
        }
      }
    },
    "high_enstrophy": {
      "none": {
        "0.0": {
          "accuracy": {
            "values": [
              19.761904761904763,
              17.380952380952383,
              19.047619047619047
            ],
            "mean": 18.73015873015873,
            "std": 1.2218098665349715
          },
          "eta_ns": {
            "values": [
              0.807293430964152,
              0.6187649289766949,
              0.8427483638127645
            ],
            "mean": 0.7562689079178705,
            "std": 0.12039423256251251
          }
        },
        "0.1": {
          "accuracy": {
            "values": [
              19.047619047619047,
              17.61904761904762,
              19.047619047619047
            ],
            "mean": 18.571428571428573,
            "std": 0.8247860988423217
          },
          "eta_ns": {
            "values": [
              0.8066063960393268,
              0.619224238395691,
              0.8427539547284445
            ],
            "mean": 0.7561948630544874,
            "std": 0.11998906414486896
          }
        },
        "0.5": {
          "accuracy": {
            "values": [
              17.61904761904762,
              17.61904761904762,
              19.047619047619047
            ],
            "mean": 18.0952380952381,
            "std": 0.8247860988423217
          },
          "eta_ns": {
            "values": [
              0.8055655757586161,
              0.6190178910891214,
              0.84270761013031
            ],
            "mean": 0.7557636923260159,
            "std": 0.1198726127864793
          }
        },
        "1.0": {
          "accuracy": {
            "values": [
              16.666666666666668,
              17.380952380952383,
              19.047619047619047
            ],
            "mean": 17.6984126984127,
            "std": 1.2218098665349715
          },
          "eta_ns": {
            "values": [
              0.8012016971906026,
              0.6206525087356567,
              0.8433527946472168
            ],
            "mean": 0.7550690001911587,
            "std": 0.11830056481523886
          }
        }
      },
      "discovered": {
        "0.0": {
          "accuracy": {
            "values": [
              73.57142857142857,
              75.23809523809524,
              74.28571428571429
            ],
            "mean": 74.36507936507935,
            "std": 0.8361629962581559
          },
          "eta_ns": {
            "values": [
              0.26764808992544814,
              0.21862936317920684,
              0.28594711323579153
            ],
            "mean": 0.25740818878014887,
            "std": 0.034807492724546085
          }
        },
        "0.1": {
          "accuracy": {
            "values": [
              72.85714285714286,
              73.80952380952381,
              74.76190476190476
            ],
            "mean": 73.80952380952381,
            "std": 0.952380952380949
          },
          "eta_ns": {
            "values": [
              0.2894187361001968,
              0.21888455251852673,
              0.2864212433497111
            ],
            "mean": 0.2649081773228115,
            "std": 0.03988579660469988
          }
        },