{
  "schema_version": 1,
  "protocol": {
    "levels_in_channel_standard_deviations": [
      0.0,
      0.1,
      0.5,
      1.0
    ],
    "seeds": [
      42,
      123,
      456
    ],
    "repetitions_per_seed": 5,
    "clean_trained": true,
    "trajectory_disjoint_test": true
  },
  "results": {
    "low_enstrophy": {
      "none": {
        "0.0": {
          "accuracy": {
            "values": [
              15.925925925925927,
              25.925925925925924,
              17.77777777777778
            ],
            "mean": 19.87654320987654,
            "std": 5.320113932448207
          },
          "eta_ns": {
            "values": [
              0.6891860127449035,
              0.8186723411083221,
              0.7498906373977661
            ],
            "mean": 0.7525829970836639,
            "std": 0.06478513648027955
          }
        },
        "0.1": {
          "accuracy": {
            "values": [
              16.111111111111114,
              25.74074074074074,
              17.592592592592595
            ],
            "mean": 19.814814814814817,
            "std": 5.185185185185183
          },
          "eta_ns": {
            "values": [
              0.6899045169353485,
              0.8186802953481674,
              0.749116912484169
            ],
            "mean": 0.7525672415892283,
            "std": 0.06445718621423663
          }
        },
        "0.5": {
          "accuracy": {
            "values": [
              15.555555555555554,
              26.111111111111107,
              19.25925925925926
            ],
            "mean": 20.30864197530864,
            "std": 5.355449685615794
          },
          "eta_ns": {
            "values": [
              0.6885432451963425,
              0.8189282238483429,
              0.7515017569065094
            ],
            "mean": 0.7529910753170649,
            "std": 0.06520524684806173
          }
        },
        "1.0": {
          "accuracy": {
            "values": [
              16.111111111111107,
              27.40740740740741,
              20.925925925925924
            ],
            "mean": 21.48148148148148,
            "std": 5.668602912968138
          },
          "eta_ns": {
            "values": [
              0.6797319144010544,
              0.8193525731563568,
              0.7549276977777482
            ],
            "mean": 0.7513373951117197,
            "std": 0.06987953772558471
          }
        }
      },
      "discovered": {
        "0.0": {
          "accuracy": {
            "values": [
              76.85185185185185,
              75.92592592592592,
              78.33333333333333
            ],
            "mean": 77.03703703703702,
            "std": 1.2143404674633322
          },
          "eta_ns": {
            "values": [
              0.30396145284175874,
              0.758380901813507,
              0.2672587186098099
            ],
            "mean": 0.4432003577550252,
            "std": 0.27357056528394225
          }
        },
        "0.1": {
          "accuracy": {
            "values": [
              74.81481481481481,
              77.03703703703704,
              78.33333333333333
            ],
            "mean": 76.72839506172839,
            "std": 1.7794488031357507
          },
          "eta_ns": {
            "values": [
              0.29540603831410406,
              0.7557429790496826,
              0.278002942353487
            ],
            "mean": 0.4430506532390912,
            "std": 0.27093926423256076
          }
        },
        "0.5": {
          "accuracy": {
            "values": [
              24.444444444444443,
              23.333333333333332,
              23.333333333333336
            ],
            "mean": 23.703703703703706,
            "std": 0.641500299099583
          },
          "eta_ns": {
            "values": [
              0.2663724087178707,
              0.7215162605047226,
              0.27192159816622735
            ],
            "mean": 0.4199367557962736,
            "std": 0.26119024985827577
          }
        },
        "1.0": {
          "accuracy": {
            "values": [
              16.666666666666664,
              15.925925925925924,
              16.481481481481485
            ],
            "mean": 16.358024691358025,
            "std": 0.38549370360484014
          },
          "eta_ns": {
            "values": [
              0.19809412062168122,
              0.7609856873750687,
              0.23895780220627785
            ],
            "mean": 0.3993458700676759,
            "std": 0.3138550273848662
          }
        }
      }
    },
    "high_enstrophy": {
      "none": {
        "0.0": {
          "accuracy": {
            "values": [
              17.380952380952383,
              14.047619047619047,
              21.904761904761905
            ],
            "mean": 17.77777777777778,
            "std": 3.9435740472396335
          },
          "eta_ns": {
            "values": [
              0.7513774434725444,
              0.7905412316322326,
              0.3701120754082997
            ],
            "mean": 0.6373435835043589,
            "std": 0.2322562373010138
          }
        },
        "0.1": {
          "accuracy": {
            "values": [
              17.142857142857146,
              14.047619047619047,
              22.142857142857146
            ],
            "mean": 17.777777777777782,
            "std": 4.084796581732626
          },
          "eta_ns": {
            "values": [
              0.7515210549036662,
              0.790529461701711,
              0.3699572126070658
            ],
            "mean": 0.637335909737481,
            "std": 0.2323767193795436
          }
        },
        "0.5": {
          "accuracy": {
            "values": [
              18.333333333333336,
              13.571428571428573,
              22.38095238095238
            ],
            "mean": 18.0952380952381,
            "std": 4.409585518440983
          },
          "eta_ns": {
            "values": [
              0.7518974900245666,
              0.791783599058787,
              0.3705622375011444
            ],
            "mean": 0.6380811088614994,
            "std": 0.23253491205389146
          }
        },
        "1.0": {
          "accuracy": {
            "values": [
              18.571428571428573,
              14.761904761904763,
              23.095238095238095
            ],
            "mean": 18.80952380952381,
            "std": 4.171765587603626
          },
          "eta_ns": {
            "values": [
              0.7547206918398539,
              0.7971853494644165,
              0.36934332648913065
            ],
            "mean": 0.6404164559311337,
            "std": 0.2357144308605299
          }
        }
      },
      "discovered": {
        "0.0": {
          "accuracy": {
            "values": [
              75.71428571428571,
              70.71428571428571,
              59.04761904761905
            ],
            "mean": 68.4920634920635,
            "std": 8.552669065744801
          },
          "eta_ns": {
            "values": [
              0.32339498996734617,
              0.281035182873408,
              0.4063369472821553
            ],
            "mean": 0.33692237337430314,
            "std": 0.06373676817477816
          }
        },
        "0.1": {
          "accuracy": {
            "values": [
              74.76190476190474,
              71.90476190476191,
              60.71428571428571
            ],
            "mean": 69.12698412698411,
            "std": 7.424347598529745
          },
          "eta_ns": {
            "values": [
              0.3252942522366841,
              0.26929346323013303,
              0.3998186886310577
            ],
            "mean": 0.3314688013659583,
            "std": 0.0654813134352306
          }
        },